Timestamp,What is the size of your business? , In which industry does your business operate?, How long has your business been operating?,Where is your business primarily located?,"Has your business adopted digital payment methods (e.g., mobile payments, e-wallets, online banking)?",What digital payment methods does your business currently accept? (Select all that apply),How often do customers use digital payments in your business?,Has your team received any formal training on digital payment systems?, [Using digital payments is easy for my business to manage.], [It is easy to train employees to use digital payment systems.], [Digital payments have the potential to improve my businessâ€™s efficiency.], [Using digital payments can enhance customer satisfaction.], [The cost of adopting digital payments is affordable for my business.], [Transaction fees for digital payments are reasonable for my business.], [I am concerned about the security risks associated with digital payments.], [My customers are concerned about the privacy of their information when using digital payments.], [I am aware of the regulatory requirements for using digital payments in Malaysia.], [Compliance with regulations is a significant factor in my decision to adopt digital payments.], [My business has the technical skills necessary to use digital payment systems.], [I am confident in troubleshooting issues that arise with digital payment systems.], [Adopting digital payments can help my business stay competitive.], [I feel pressured to adopt digital payments due to competition in the market.], [My customers frequently request digital payment options.], [Offering digital payments is important to meet customer expectations.], [Government incentives encourage my business to adopt digital payments.], [I am aware of the support programs available for digital payment adoption in Malaysia.], [My business location has reliable internet connectivity to support digital payments.], [The infrastructure available makes it easy to implement digital payment options in my business.],What challenges or concerns do you face regarding digital payment adoption?,What support would you find most helpful for digital payment adoption? [Government grants or financial subsidies],What support would you find most helpful for digital payment adoption? [Lower transaction fees or affordable pricing options],What support would you find most helpful for digital payment adoption? [Training for staff on digital payment systems],What support would you find most helpful for digital payment adoption? [Technical support for setting up and troubleshooting digital payments],What support would you find most helpful for digital payment adoption? [Information on security measures for safer digital transactions],What support would you find most helpful for digital payment adoption? [Clear guidelines on regulatory requirements],What support would you find most helpful for digital payment adoption? [Marketing support to increase customer awareness of digital payment options],Do you plan to fully adopt digital payments in the next 6-12 months?, [Row 17]
11/4/2024 16:25:44,Micro (1-5 employees),Food & Beverage,More than 5 years,"Rural area (e.g., Kampung Pulai Baru, etc.)",Yes,"E-wallets (e.g., Boost, GrabPay, ShopeePay, Touch 'n Go, etc.), Online bank transfers (e.g., FPX)",Sometimes,No training provided,3,2,2,5,5,1,3,3,5,5,5,3,5,3,4,5,3,4,5,5,"Unreliable internet connectivity, Difficulty in maintaining records or accounting with digital payments",5,5,3,5,5,5,5,"Yes, definitely",
11/4/2024 16:26:53,Micro (1-5 employees),Fashion & Accessories,Less than 1 year,"Urban area (e.g., Kuala Lumpur, Kuala Terengganu, etc.)",Yes,"E-wallets (e.g., Boost, GrabPay, ShopeePay, Touch 'n Go, etc.), Online bank transfers (e.g., FPX)",Very Frequently,"Yes, but informally (e.g., self-taught)",5,5,5,5,5,5,3,3,4,4,5,4,5,2,5,5,2,2,5,5,"Security and privacy concerns, Limited technical knowledge or digital literacy among staff, Unreliable internet connectivity",5,5,3,4,5,5,5,"Yes, definitely",
11/4/2024 16:48:36,Micro (1-5 employees),Retail,More than 5 years,"Urban area (e.g., Kuala Lumpur, Kuala Terengganu, etc.)",Yes,"E-wallets (e.g., Boost, GrabPay, ShopeePay, Touch 'n Go, etc.), Online bank transfers (e.g., FPX), Credit/Debit cards",Frequently,"Yes, but informally (e.g., self-taught)",5,5,5,5,4,4,1,4,4,4,4,4,4,5,4,4,4,4,4,4,"High transaction fees, Limited technical knowledge or digital literacy among staff, Difficulty in maintaining records or accounting with digital payments",5,5,4,4,4,4,4,"Yes, definitely",
11/4/2024 18:44:54,Micro (1-5 employees),Services,More than 5 years,"Urban area (e.g., Kuala Lumpur, Kuala Terengganu, etc.)",Yes,"Online bank transfers (e.g., FPX), Credit/Debit cards",Sometimes,No training provided,4,3,4,3,5,5,5,5,3,3,3,2,3,3,5,5,2,1,5,5,"Security and privacy concerns, Limited technical knowledge or digital literacy among staff, Unreliable internet connectivity, Regulatory requirements or compliance issues",5,5,5,5,5,5,5,"Yes, possibly",
11/4/2024 22:48:38,Micro (1-5 employees),Services,More than 5 years,"Suburban area (e.g., Petaling Jaya, Kuala Nerus, etc.)",Yes,"E-wallets (e.g., Boost, GrabPay, ShopeePay, Touch 'n Go, etc.), Online bank transfers (e.g., FPX), Credit/Debit cards",Very Frequently,"Yes, but informally (e.g., self-taught)",5,5,4,4,5,4,4,5,5,4,5,4,4,5,5,4,5,5,4,5,"Initial setup and integration costs, Unreliable internet connectivity, Regulatory requirements or compliance issues, Difficulty in maintaining records or accounting with digital payments",4,5,4,5,5,5,5,"Yes, possibly",
11/11/2024 15:04:09,Small (6-50 employees),Services,More than 5 years,"Urban area (e.g., Kuala Lumpur, Kuala Terengganu, etc.)",Yes,"E-wallets (e.g., Boost, GrabPay, ShopeePay, Touch 'n Go, etc.), Online bank transfers (e.g., FPX), Credit/Debit cards",Frequently,"Yes, formal training was provided",4,5,5,4,4,2,4,4,3,4,3,3,4,2,3,3,2,4,4,4,"High transaction fees, Lack of customer demand for digital payments, Security and privacy concerns, Initial setup and integration costs, Limited technical knowledge or digital literacy among staff, Unreliable internet connectivity",4,4,2,3,4,3,3,"Yes, definitely",
11/12/2024 13:13:04,Micro (1-5 employees),Construction ,More than 5 years,"Urban area (e.g., Kuala Lumpur, Kuala Terengganu, etc.)",Yes,"Online bank transfers (e.g., FPX)",Very Frequently,"Yes, but informally (e.g., self-taught)",4,4,4,4,4,4,4,4,4,4,4,4,4,1,4,4,4,4,4,4,Limited technical knowledge or digital literacy among staff,4,4,5,5,5,5,5,"Yes, definitely",
11/12/2024 13:34:42,Small (6-50 employees),Manufacturing,1-3 years,"Suburban area (e.g., Petaling Jaya, Kuala Nerus, etc.)",No,,,,5,5,5,4,4,5,5,4,5,5,5,5,5,5,5,5,4,5,4,5,"High transaction fees, Lack of customer demand for digital payments, Security and privacy concerns, Difficulty in maintaining records or accounting with digital payments",5,5,5,4,4,5,5,"Yes, possibly",
11/17/2024 11:30:25,Micro (1-5 employees),Food & Beverage,Less than 1 year,"Suburban area (e.g., Petaling Jaya, Kuala Nerus, etc.)",Yes,"E-wallets (e.g., Boost, GrabPay, ShopeePay, Touch 'n Go, etc.), Online bank transfers (e.g., FPX)",Very Frequently,"Yes, but informally (e.g., self-taught)",5,5,5,5,5,5,1,1,5,4,4,4,5,2,5,5,4,4,5,4,Security and privacy concerns,5,5,4,4,5,5,5,"Yes, definitely",
11/17/2024 11:48:41,Micro (1-5 employees),Retail,More than 5 years,"Suburban area (e.g., Petaling Jaya, Kuala Nerus, etc.)",Yes,"E-wallets (e.g., Boost, GrabPay, ShopeePay, Touch 'n Go, etc.)",Frequently,No training provided,4,3,4,4,4,4,3,3,3,3,3,2,4,4,4,4,2,1,2,2,"Initial setup and integration costs, Limited technical knowledge or digital literacy among staff, Difficulty in maintaining records or accounting with digital payments",2,3,2,3,3,3,3,"Yes, possibly",
11/17/2024 11:52:02,Micro (1-5 employees),Food & Beverage,1-3 years,"Urban area (e.g., Kuala Lumpur, Kuala Terengganu, etc.)",Yes,"E-wallets (e.g., Boost, GrabPay, ShopeePay, Touch 'n Go, etc.), Online bank transfers (e.g., FPX)",Frequently,"Yes, but informally (e.g., self-taught)",4,3,5,5,5,4,3,2,2,2,4,3,5,5,5,5,1,1,3,3,Regulatory requirements or compliance issues,3,4,3,4,4,4,5,"Yes, definitely",
11/17/2024 13:16:41,Micro (1-5 employees),Food & Beverage,Less than 1 year,"Urban area (e.g., Kuala Lumpur, Kuala Terengganu, etc.)",Yes,"E-wallets (e.g., Boost, GrabPay, ShopeePay, Touch 'n Go, etc.), Online bank transfers (e.g., FPX)",Frequently,"Yes, but informally (e.g., self-taught)",4,4,4,4,3,3,4,5,4,4,4,4,4,4,4,4,3,3,4,3,"Security and privacy concerns, Regulatory requirements or compliance issues, Difficulty in maintaining records or accounting with digital payments",4,5,4,4,3,4,4,"Yes, possibly",
12/7/2024 18:35:42,Micro (1-5 employees),Services,1-3 years,"Urban area (e.g., Kuala Lumpur, Kuala Terengganu, etc.)",Yes,"E-wallets (e.g., Boost, GrabPay, ShopeePay, Touch 'n Go, etc.), Online bank transfers (e.g., FPX)",Very Frequently,"Yes, but informally (e.g., self-taught)",5,5,5,5,5,5,5,5,5,5,5,5,5,5,5,5,5,3,5,5,Unreliable internet connectivity,5,5,3,5,4,5,5,"Yes, definitely",
12/8/2024 9:33:02,Micro (1-5 employees),Fashion & Accessories,1-3 years,"Suburban area (e.g., Petaling Jaya, Kuala Nerus, etc.)",Yes,"E-wallets (e.g., Boost, GrabPay, ShopeePay, Touch 'n Go, etc.), Online bank transfers (e.g., FPX)",Very Frequently,"Yes, but informally (e.g., self-taught)",5,5,5,5,5,5,1,1,5,3,5,3,5,5,5,5,3,3,5,5,"Unreliable internet connectivity, Regulatory requirements or compliance issues",5,5,4,4,4,5,5,"Yes, definitely",
12/9/2024 12:07:02,Micro (1-5 employees),Fashion & Accessories,1-3 years,"Urban area (e.g., Kuala Lumpur, Kuala Terengganu, etc.)",Yes,"E-wallets (e.g., Boost, GrabPay, ShopeePay, Touch 'n Go, etc.), Online bank transfers (e.g., FPX)",Very Frequently,"Yes, but informally (e.g., self-taught)",5,5,5,5,5,5,5,5,5,5,5,5,5,5,5,5,2,1,5,5,"Security and privacy concerns, Limited technical knowledge or digital literacy among staff, Unreliable internet connectivity",5,5,5,5,5,5,5,"Yes, definitely",
12/9/2024 13:15:23,Micro (1-5 employees),gift and art,1-3 years,"Rural area (e.g., Kamunting, Marang, etc.)",Yes,"E-wallets (e.g., Boost, GrabPay, ShopeePay, Touch 'n Go, etc.), Online bank transfers (e.g., FPX)",Very Frequently,"Yes, but informally (e.g., self-taught)",5,4,5,5,5,5,5,5,5,5,5,5,5,2,5,5,3,3,5,5,Unreliable internet connectivity,5,5,5,5,5,5,5,"Yes, definitely",
12/17/2024 14:13:14,Micro (1-5 employees),Services,1-3 years,"Suburban area (e.g., Petaling Jaya, Kuala Nerus, etc.)",Yes,"E-wallets (e.g., Boost, GrabPay, ShopeePay, Touch 'n Go, etc.), Online bank transfers (e.g., FPX)",Very Frequently,"Yes, but informally (e.g., self-taught)",5,4,4,5,5,5,3,3,3,3,4,3,4,3,4,4,2,2,4,4,Limited technical knowledge or digital literacy among staff,4,3,4,4,4,4,4,"Yes, definitely",
12/17/2024 14:15:00,Medium (51-200 employees),Services,3-5 years,"Suburban area (e.g., Petaling Jaya, Kuala Nerus, etc.)",Yes,"E-wallets (e.g., Boost, GrabPay, ShopeePay, Touch 'n Go, etc.)",Frequently,"Yes, but informally (e.g., self-taught)",4,4,4,4,4,4,5,5,1,4,4,4,4,4,4,4,4,4,4,4,"Security and privacy concerns, Limited technical knowledge or digital literacy among staff, Unreliable internet connectivity",5,5,5,5,5,5,5,"Yes, definitely",
12/17/2024 14:16:58,Micro (1-5 employees),Printing,1-3 years,"Urban area (e.g., Kuala Lumpur, Kuala Terengganu, etc.)",Yes,"Online bank transfers (e.g., FPX), Credit/Debit cards",Very Frequently,"Yes, but informally (e.g., self-taught)",5,4,5,5,5,5,5,5,5,5,5,5,5,5,5,5,3,4,3,4,"Security and privacy concerns, Limited technical knowledge or digital literacy among staff, Unreliable internet connectivity, Regulatory requirements or compliance issues",3,3,4,5,5,5,5,"Yes, definitely",
12/17/2024 14:19:59,Micro (1-5 employees),Food & Beverage,3-5 years,"Suburban area (e.g., Petaling Jaya, Kuala Nerus, etc.)",Yes,"E-wallets (e.g., Boost, GrabPay, ShopeePay, Touch 'n Go, etc.)",Frequently,"Yes, but informally (e.g., self-taught)",5,3,5,5,5,5,5,5,3,3,4,2,4,4,5,5,4,3,3,3,"Security and privacy concerns, Limited technical knowledge or digital literacy among staff, Unreliable internet connectivity, Regulatory requirements or compliance issues",3,3,4,5,5,5,5,"Yes, definitely",
12/17/2024 14:20:23,Micro (1-5 employees),Food & Beverage,Less than 1 year,"Suburban area (e.g., Petaling Jaya, Kuala Nerus, etc.)",Yes,"E-wallets (e.g., Boost, GrabPay, ShopeePay, Touch 'n Go, etc.), Online bank transfers (e.g., FPX)",Very Frequently,"Yes, but informally (e.g., self-taught)",5,5,5,5,5,5,1,1,2,3,4,2,5,3,5,5,2,2,4,4,"Limited technical knowledge or digital literacy among staff, Unreliable internet connectivity",3,3,4,5,3,4,4,"Yes, definitely",
12/17/2024 14:22:20,Small (6-50 employees),Services,1-3 years,"Suburban area (e.g., Petaling Jaya, Kuala Nerus, etc.)",No,,,,5,5,5,5,4,4,3,4,3,4,3,3,3,5,5,5,4,5,4,3,"Lack of customer demand for digital payments, Security and privacy concerns, Initial setup and integration costs, Limited technical knowledge or digital literacy among staff",4,5,4,3,4,5,3,"Yes, possibly",
12/17/2024 14:23:01,Micro (1-5 employees),Food & Beverage,Less than 1 year,"Urban area (e.g., Kuala Lumpur, Kuala Terengganu, etc.)",Yes,"Online bank transfers (e.g., FPX)",Frequently,"Yes, formal training was provided",5,4,4,4,5,5,4,5,3,4,5,3,3,4,4,5,4,5,4,4,"Lack of customer demand for digital payments, Security and privacy concerns, Initial setup and integration costs, Limited technical knowledge or digital literacy among staff, Unreliable internet connectivity, Regulatory requirements or compliance issues",4,5,5,5,4,4,5,"Yes, possibly",
12/17/2024 14:25:54,Small (6-50 employees),Services,More than 5 years,"Urban area (e.g., Kuala Lumpur, Kuala Terengganu, etc.)",Yes,"Online bank transfers (e.g., FPX)",Sometimes,"Yes, but informally (e.g., self-taught)",4,2,4,4,4,4,5,5,3,3,4,2,5,5,2,5,3,3,5,5,"Lack of customer demand for digital payments, Security and privacy concerns, Limited technical knowledge or digital literacy among staff",3,4,4,5,5,5,5,"Yes, possibly",
12/17/2024 14:28:25,Small (6-50 employees),Services,1-3 years,"Urban area (e.g., Kuala Lumpur, Kuala Terengganu, etc.)",No,,,,3,2,4,4,4,4,5,5,1,1,1,1,4,4,2,3,4,1,4,4,"Lack of customer demand for digital payments, Security and privacy concerns, Initial setup and integration costs, Limited technical knowledge or digital literacy among staff, Regulatory requirements or compliance issues",4,4,4,4,4,4,4,"Yes, possibly",
12/17/2024 14:28:38,Micro (1-5 employees),Food & Beverage,1-3 years,"Suburban area (e.g., Petaling Jaya, Kuala Nerus, etc.)",Yes,"E-wallets (e.g., Boost, GrabPay, ShopeePay, Touch 'n Go, etc.), Online bank transfers (e.g., FPX)",Frequently,"Yes, but informally (e.g., self-taught)",5,4,4,4,5,5,2,2,2,2,3,3,4,4,3,4,3,3,4,4,"Limited technical knowledge or digital literacy among staff, Difficulty in maintaining records or accounting with digital payments",4,4,4,4,4,4,4,"Yes, definitely",
12/17/2024 14:36:38,Medium (51-200 employees),Food & Beverage,3-5 years,"Urban area (e.g., Kuala Lumpur, Kuala Terengganu, etc.)",Yes,"E-wallets (e.g., Boost, GrabPay, ShopeePay, Touch 'n Go, etc.), Online bank transfers (e.g., FPX), Credit/Debit cards",Very Frequently,"Yes, formal training was provided",5,5,5,5,5,5,2,5,5,5,5,5,5,5,5,5,5,5,5,5,Regulatory requirements or compliance issues,5,5,5,5,5,5,5,"Yes, definitely",
12/17/2024 14:37:50,Micro (1-5 employees),Services,More than 5 years,"Urban area (e.g., Kuala Lumpur, Kuala Terengganu, etc.)",Yes,"E-wallets (e.g., Boost, GrabPay, ShopeePay, Touch 'n Go, etc.), Online bank transfers (e.g., FPX), Credit/Debit cards",Very Frequently,"Yes, formal training was provided",5,4,5,5,5,5,3,3,4,4,5,5,5,3,4,5,4,4,5,5,Initial setup and integration costs,5,5,5,5,5,5,5,"Yes, definitely",
12/17/2024 14:38:52,Medium (51-200 employees),Manufacturing,More than 5 years,"Urban area (e.g., Kuala Lumpur, Kuala Terengganu, etc.)",Yes,"Online bank transfers (e.g., FPX), Credit/Debit cards",Very Frequently,"Yes, but informally (e.g., self-taught)",5,5,5,5,5,5,5,5,5,5,5,5,5,5,5,5,5,5,5,5,"Security and privacy concerns, Regulatory requirements or compliance issues",5,5,5,5,5,5,5,"Yes, definitely",
12/17/2024 14:47:07,Small (6-50 employees),Printing ,1-3 years,"Suburban area (e.g., Petaling Jaya, Kuala Nerus, etc.)",Yes,"E-wallets (e.g., Boost, GrabPay, ShopeePay, Touch 'n Go, etc.), Online bank transfers (e.g., FPX)",Very Frequently,No training provided,5,4,5,5,5,5,5,5,5,5,5,5,5,5,5,5,4,2,3,4,"Security and privacy concerns, Limited technical knowledge or digital literacy among staff, Unreliable internet connectivity",5,5,5,5,5,5,5,"Yes, definitely",
12/17/2024 14:49:10,Small (6-50 employees),Retail,More than 5 years,"Rural area (e.g., Kamunting, Marang, etc.)",No,,,,3,2,2,2,2,2,5,5,2,1,1,1,2,4,3,3,3,2,2,2,"Lack of customer demand for digital payments, Security and privacy concerns, Initial setup and integration costs, Limited technical knowledge or digital literacy among staff, Unreliable internet connectivity",5,5,5,5,5,5,5,"No, unlikely",
12/17/2024 14:54:59,Small (6-50 employees),Fashion & Accessories,Less than 1 year,"Suburban area (e.g., Petaling Jaya, Kuala Nerus, etc.)",Yes,"E-wallets (e.g., Boost, GrabPay, ShopeePay, Touch 'n Go, etc.), Online bank transfers (e.g., FPX), Credit/Debit cards",Very Frequently,"Yes, but informally (e.g., self-taught)",5,5,5,5,5,5,5,5,5,5,5,5,5,5,5,5,4,4,4,4,"Security and privacy concerns, Initial setup and integration costs, Limited technical knowledge or digital literacy among staff, Regulatory requirements or compliance issues",5,5,5,5,5,5,5,"Yes, definitely",
12/17/2024 15:09:18,Micro (1-5 employees),Services,Less than 1 year,"Urban area (e.g., Kuala Lumpur, Kuala Terengganu, etc.)",Yes,"E-wallets (e.g., Boost, GrabPay, ShopeePay, Touch 'n Go, etc.), Online bank transfers (e.g., FPX)",Frequently,No training provided,5,4,4,4,4,4,3,3,4,3,4,3,4,3,4,4,3,3,4,4,Security and privacy concerns,4,5,4,3,4,5,5,"Yes, possibly",
12/17/2024 20:29:05,Small (6-50 employees),Food & Beverage,Less than 1 year,"Urban area (e.g., Kuala Lumpur, Kuala Terengganu, etc.)",Yes,"E-wallets (e.g., Boost, GrabPay, ShopeePay, Touch 'n Go, etc.), Credit/Debit cards",Frequently,"Yes, but informally (e.g., self-taught)",4,4,4,4,4,4,5,5,5,4,4,4,4,2,4,4,4,4,4,4,"High transaction fees, Initial setup and integration costs, Unreliable internet connectivity, Regulatory requirements or compliance issues",5,5,5,5,5,5,5,"Yes, definitely",
12/20/2024 19:36:55,Small (6-50 employees),Retail,3-5 years,"Rural area (e.g., Kamunting, Marang, etc.)",No,,,,2,2,3,2,3,3,5,5,2,2,2,2,2,5,1,1,2,1,2,2,"Lack of customer demand for digital payments, Security and privacy concerns, Initial setup and integration costs, Limited technical knowledge or digital literacy among staff, Unreliable internet connectivity, Regulatory requirements or compliance issues, Difficulty in maintaining records or accounting with digital payments",3,3,5,5,5,5,5,"No, unlikely",
12/20/2024 19:38:04,Micro (1-5 employees),Food & Beverage,1-3 years,"Suburban area (e.g., Petaling Jaya, Kuala Nerus, etc.)",Yes,"E-wallets (e.g., Boost, GrabPay, ShopeePay, Touch 'n Go, etc.), Online bank transfers (e.g., FPX)",Very Frequently,"Yes, but informally (e.g., self-taught)",5,4,5,5,5,5,1,1,3,3,4,3,5,3,5,5,3,3,4,4,"Initial setup and integration costs, Limited technical knowledge or digital literacy among staff",4,5,5,5,4,4,4,"Yes, definitely",
12/20/2024 19:40:27,Micro (1-5 employees),Retail,Less than 1 year,"Suburban area (e.g., Petaling Jaya, Kuala Nerus, etc.)",Yes,"E-wallets (e.g., Boost, GrabPay, ShopeePay, Touch 'n Go, etc.), Online bank transfers (e.g., FPX)",Very Frequently,"Yes, but informally (e.g., self-taught)",5,5,5,5,5,5,1,1,3,4,3,4,5,4,5,5,4,4,4,4,"Initial setup and integration costs, Limited technical knowledge or digital literacy among staff, Unreliable internet connectivity",4,4,4,4,4,4,4,"Yes, definitely",
12/20/2024 19:42:13,Micro (1-5 employees),Retail,More than 5 years,"Suburban area (e.g., Petaling Jaya, Kuala Nerus, etc.)",Yes,"E-wallets (e.g., Boost, GrabPay, ShopeePay, Touch 'n Go, etc.), Online bank transfers (e.g., FPX), Credit/Debit cards",Very Frequently,"Yes, but informally (e.g., self-taught)",5,3,5,5,5,5,2,2,3,3,3,3,4,4,5,5,4,4,5,4,"Initial setup and integration costs, Limited technical knowledge or digital literacy among staff",5,5,5,5,5,5,5,"Yes, definitely",
12/20/2024 19:44:39,Micro (1-5 employees),Fashion & Accessories,1-3 years,"Suburban area (e.g., Petaling Jaya, Kuala Nerus, etc.)",Yes,"E-wallets (e.g., Boost, GrabPay, ShopeePay, Touch 'n Go, etc.), Online bank transfers (e.g., FPX)",Frequently,"Yes, but informally (e.g., self-taught)",5,5,5,5,5,5,3,3,3,3,4,4,4,3,4,4,4,4,4,4,Initial setup and integration costs,4,4,4,4,4,4,4,"Yes, definitely",
12/20/2024 19:50:46,Micro (1-5 employees),Food & Beverage,Less than 1 year,"Suburban area (e.g., Petaling Jaya, Kuala Nerus, etc.)",Yes,"E-wallets (e.g., Boost, GrabPay, ShopeePay, Touch 'n Go, etc.), Online bank transfers (e.g., FPX)",Very Frequently,"Yes, but informally (e.g., self-taught)",5,5,5,5,5,5,1,1,4,4,4,4,5,5,5,5,4,4,5,5,Initial setup and integration costs,5,5,5,5,5,5,5,"Yes, definitely",
12/20/2024 19:53:12,Micro (1-5 employees),Fashion & Accessories,1-3 years,"Suburban area (e.g., Petaling Jaya, Kuala Nerus, etc.)",Yes,"E-wallets (e.g., Boost, GrabPay, ShopeePay, Touch 'n Go, etc.), Online bank transfers (e.g., FPX)",Very Frequently,"Yes, but informally (e.g., self-taught)",5,2,5,5,5,5,1,1,4,4,4,4,5,4,5,5,5,5,5,5,"Initial setup and integration costs, Limited technical knowledge or digital literacy among staff",5,5,5,5,5,5,5,"Yes, definitely",
12/20/2024 20:39:30,Micro (1-5 employees),Fashion & Accessories,1-3 years,"Urban area (e.g., Kuala Lumpur, Kuala Terengganu, etc.)",Yes,"E-wallets (e.g., Boost, GrabPay, ShopeePay, Touch 'n Go, etc.), Online bank transfers (e.g., FPX)",Very Frequently,"Yes, but informally (e.g., self-taught)",5,5,5,5,5,5,5,2,2,3,3,3,5,5,5,5,5,5,5,5,Initial setup and integration costs,5,5,5,5,5,5,5,"Yes, definitely",
12/20/2024 20:43:25,Micro (1-5 employees),Food & Beverage,Less than 1 year,"Suburban area (e.g., Petaling Jaya, Kuala Nerus, etc.)",Yes,"E-wallets (e.g., Boost, GrabPay, ShopeePay, Touch 'n Go, etc.), Online bank transfers (e.g., FPX)",Very Frequently,"Yes, but informally (e.g., self-taught)",5,3,5,5,5,5,3,3,3,3,4,4,5,3,5,5,5,3,5,5,Initial setup and integration costs,5,5,5,5,5,5,5,"Yes, definitely",
12/21/2024 1:27:05,Small (6-50 employees),Homestay,3-5 years,"Urban area (e.g., Kuala Lumpur, Kuala Terengganu, etc.)",Yes,"Online bank transfers (e.g., FPX)",Very Frequently,"Yes, but informally (e.g., self-taught)",5,5,5,5,5,5,5,5,5,5,5,5,5,5,5,5,5,5,5,5,"Security and privacy concerns, Initial setup and integration costs, Regulatory requirements or compliance issues",4,3,5,5,5,5,5,"Yes, definitely",
12/21/2024 9:46:04,Micro (1-5 employees),Food & Beverage,Less than 1 year,"Suburban area (e.g., Petaling Jaya, Kuala Nerus, etc.)",Yes,"E-wallets (e.g., Boost, GrabPay, ShopeePay, Touch 'n Go, etc.), Online bank transfers (e.g., FPX)",Very Frequently,"Yes, but informally (e.g., self-taught)",5,4,5,5,5,5,3,3,3,3,4,4,5,4,5,5,4,4,4,4,"Initial setup and integration costs, Limited technical knowledge or digital literacy among staff, Unreliable internet connectivity",5,5,5,5,5,5,5,"Yes, definitely",
12/21/2024 9:47:50,Micro (1-5 employees),Retail,1-3 years,"Rural area (e.g., Kamunting, Marang, etc.)",Yes,"E-wallets (e.g., Boost, GrabPay, ShopeePay, Touch 'n Go, etc.), Online bank transfers (e.g., FPX), Credit/Debit cards",Frequently,"Yes, but informally (e.g., self-taught)",5,3,4,4,4,5,4,3,4,4,4,4,4,3,3,4,4,4,4,4,Initial setup and integration costs,5,5,5,5,5,5,5,"Yes, definitely",
12/21/2024 9:49:55,Small (6-50 employees),Food & Beverage,3-5 years,"Rural area (e.g., Kamunting, Marang, etc.)",Yes,"E-wallets (e.g., Boost, GrabPay, ShopeePay, Touch 'n Go, etc.), Online bank transfers (e.g., FPX), Credit/Debit cards",Very Frequently,"Yes, but informally (e.g., self-taught)",5,4,5,5,5,5,3,3,3,3,4,4,5,3,4,4,4,4,4,4,Difficulty in maintaining records or accounting with digital payments,5,5,5,5,5,5,5,"Yes, definitely",
12/21/2024 11:54:26,Small (6-50 employees),Services,More than 5 years,"Urban area (e.g., Kuala Lumpur, Kuala Terengganu, etc.)",Yes,"E-wallets (e.g., Boost, GrabPay, ShopeePay, Touch 'n Go, etc.), Online bank transfers (e.g., FPX), Credit/Debit cards",Very Frequently,"Yes, but informally (e.g., self-taught)",5,5,5,5,5,5,2,2,4,3,5,5,5,4,4,5,4,4,5,5,Difficulty in maintaining records or accounting with digital payments,5,5,5,5,5,5,5,"Yes, definitely",
12/21/2024 11:56:49,Micro (1-5 employees),Retail,1-3 years,"Suburban area (e.g., Petaling Jaya, Kuala Nerus, etc.)",Yes,"Online bank transfers (e.g., FPX), Credit/Debit cards",Very Frequently,"Yes, but informally (e.g., self-taught)",5,5,5,5,5,5,2,2,3,3,3,3,3,3,4,4,5,5,5,5,Initial setup and integration costs,5,5,4,5,4,5,4,"Yes, definitely",
12/21/2024 11:59:22,Micro (1-5 employees),Fashion & Accessories,Less than 1 year,"Suburban area (e.g., Petaling Jaya, Kuala Nerus, etc.)",Yes,"Online bank transfers (e.g., FPX)",Very Frequently,"Yes, but informally (e.g., self-taught)",5,5,5,5,5,5,1,1,2,2,3,3,5,4,5,5,4,4,5,5,Initial setup and integration costs,5,5,5,5,5,5,5,"Yes, definitely",
12/21/2024 12:45:17,Small (6-50 employees),Fashion & Accessories,More than 5 years,"Suburban area (e.g., Petaling Jaya, Kuala Nerus, etc.)",Yes,"E-wallets (e.g., Boost, GrabPay, ShopeePay, Touch 'n Go, etc.), Credit/Debit cards",Sometimes,"Yes, but informally (e.g., self-taught)",4,5,4,4,4,5,4,4,3,3,4,3,5,3,4,5,5,5,5,5,"Security and privacy concerns, Initial setup and integration costs, Limited technical knowledge or digital literacy among staff",5,5,5,5,5,5,5,"Yes, definitely",
12/21/2024 12:58:44,Medium (51-200 employees),Services,More than 5 years,"Suburban area (e.g., Petaling Jaya, Kuala Nerus, etc.)",Yes,"Online bank transfers (e.g., FPX)",Sometimes,No training provided,4,3,4,4,3,4,4,4,3,3,4,3,4,4,4,4,3,3,4,3,"Security and privacy concerns, Limited technical knowledge or digital literacy among staff, Regulatory requirements or compliance issues",4,4,5,5,5,4,4,"Yes, definitely",
12/21/2024 13:10:08,Micro (1-5 employees),Fashion & Accessories,More than 5 years,"Rural area (e.g., Kamunting, Marang, etc.)",No,,,,3,2,3,3,2,3,2,3,2,3,2,3,3,3,3,3,3,3,3,3,"Lack of customer demand for digital payments, Security and privacy concerns, Initial setup and integration costs, Unreliable internet connectivity, Difficulty in maintaining records or accounting with digital payments",4,4,4,4,4,4,4,"Yes, possibly",
12/21/2024 13:13:37,Small (6-50 employees),Gift,1-3 years,"Suburban area (e.g., Petaling Jaya, Kuala Nerus, etc.)",Yes,"E-wallets (e.g., Boost, GrabPay, ShopeePay, Touch 'n Go, etc.)",Sometimes,"Yes, but informally (e.g., self-taught)",4,4,4,4,4,4,4,4,4,4,4,3,4,3,4,3,4,5,4,5,"Security and privacy concerns, Initial setup and integration costs, Limited technical knowledge or digital literacy among staff",4,4,4,4,5,5,5,"Yes, definitely",
12/21/2024 13:15:17,Medium (51-200 employees),Food & Beverage,3-5 years,"Urban area (e.g., Kuala Lumpur, Kuala Terengganu, etc.)",Yes,"E-wallets (e.g., Boost, GrabPay, ShopeePay, Touch 'n Go, etc.)",Sometimes,"Yes, but informally (e.g., self-taught)",4,5,4,4,5,4,4,5,4,4,5,4,5,4,4,5,4,4,4,4,"Security and privacy concerns, Initial setup and integration costs, Limited technical knowledge or digital literacy among staff",5,5,5,5,5,5,5,"Yes, definitely",
12/21/2024 13:29:05,Small (6-50 employees),Services,More than 5 years,"Rural area (e.g., Kamunting, Marang, etc.)",No,,,,4,3,4,3,4,4,5,5,3,3,3,4,4,4,4,4,4,5,4,5,"Lack of customer demand for digital payments, Security and privacy concerns, Limited technical knowledge or digital literacy among staff",4,5,5,4,5,4,5,"Yes, possibly",
12/21/2024 13:30:49,Small (6-50 employees),Retail,More than 5 years,"Rural area (e.g., Kamunting, Marang, etc.)",Yes,"E-wallets (e.g., Boost, GrabPay, ShopeePay, Touch 'n Go, etc.)",Sometimes,No training provided,4,3,4,4,4,4,5,5,3,3,3,4,4,4,4,4,3,4,4,3,"Lack of customer demand for digital payments, Security and privacy concerns, Initial setup and integration costs, Limited technical knowledge or digital literacy among staff",5,5,5,5,5,5,5,"Yes, definitely",
12/21/2024 13:32:16,Micro (1-5 employees),Food & Beverage,More than 5 years,"Rural area (e.g., Kamunting, Marang, etc.)",Yes,"E-wallets (e.g., Boost, GrabPay, ShopeePay, Touch 'n Go, etc.)",Sometimes,No training provided,4,3,4,4,4,4,4,4,4,4,4,4,4,4,4,4,4,4,4,4,"Lack of customer demand for digital payments, Security and privacy concerns, Limited technical knowledge or digital literacy among staff, Regulatory requirements or compliance issues, Difficulty in maintaining records or accounting with digital payments",4,5,4,5,4,5,4,"Yes, definitely",
12/21/2024 13:34:07,Micro (1-5 employees),Services,More than 5 years,"Urban area (e.g., Kuala Lumpur, Kuala Terengganu, etc.)",Yes,"Online bank transfers (e.g., FPX)",Sometimes,"Yes, but informally (e.g., self-taught)",4,3,4,4,3,4,4,4,3,4,4,4,5,4,4,4,4,4,4,4,"Lack of customer demand for digital payments, Security and privacy concerns, Limited technical knowledge or digital literacy among staff, Regulatory requirements or compliance issues",5,4,5,4,5,4,5,"Yes, possibly",
12/21/2024 18:54:54,Micro (1-5 employees),Retail,1-3 years,"Suburban area (e.g., Petaling Jaya, Kuala Nerus, etc.)",Yes,"E-wallets (e.g., Boost, GrabPay, ShopeePay, Touch 'n Go, etc.), Online bank transfers (e.g., FPX)",Very Frequently,"Yes, but informally (e.g., self-taught)",5,5,5,5,5,5,1,1,2,2,4,4,4,4,4,4,4,4,5,5,Initial setup and integration costs,5,5,5,5,5,5,5,"Yes, definitely",
12/21/2024 18:55:05,Micro (1-5 employees),Food & Beverage,3-5 years,"Rural area (e.g., Kamunting, Marang, etc.)",No,,,,3,2,4,4,4,4,4,4,4,5,3,1,3,3,2,3,4,3,3,3,"Lack of customer demand for digital payments, Security and privacy concerns, Initial setup and integration costs, Limited technical knowledge or digital literacy among staff",5,5,5,5,5,5,5,"No, unlikely",
12/21/2024 19:02:04,Small (6-50 employees),Food & Beverage,Less than 1 year,"Urban area (e.g., Kuala Lumpur, Kuala Terengganu, etc.)",Yes,"E-wallets (e.g., Boost, GrabPay, ShopeePay, Touch 'n Go, etc.), Online bank transfers (e.g., FPX)",Very Frequently,"Yes, but informally (e.g., self-taught)",5,5,5,5,5,5,3,3,3,3,4,4,4,4,4,4,5,5,5,5,Initial setup and integration costs,5,5,5,5,5,5,5,"Yes, definitely",
12/21/2024 19:06:58,Small (6-50 employees),Fashion & Accessories,1-3 years,"Rural area (e.g., Kamunting, Marang, etc.)",Yes,"E-wallets (e.g., Boost, GrabPay, ShopeePay, Touch 'n Go, etc.), Online bank transfers (e.g., FPX)",Very Frequently,"Yes, but informally (e.g., self-taught)",5,4,5,5,5,5,4,2,4,4,5,4,5,4,4,5,5,5,5,5,Limited technical knowledge or digital literacy among staff,5,5,5,5,5,5,5,"Yes, definitely",
12/21/2024 19:09:08,Small (6-50 employees),Food & Beverage,3-5 years,"Rural area (e.g., Kamunting, Marang, etc.)",Yes,"E-wallets (e.g., Boost, GrabPay, ShopeePay, Touch 'n Go, etc.), Online bank transfers (e.g., FPX), Credit/Debit cards",Very Frequently,"Yes, but informally (e.g., self-taught)",5,2,4,5,5,5,5,1,3,3,3,3,5,5,5,5,4,4,5,5,Limited technical knowledge or digital literacy among staff,5,5,5,5,5,5,5,"Yes, definitely",
12/21/2024 19:11:46,Small (6-50 employees),Food & Beverage,Less than 1 year,"Urban area (e.g., Kuala Lumpur, Kuala Terengganu, etc.)",Yes,"E-wallets (e.g., Boost, GrabPay, ShopeePay, Touch 'n Go, etc.), Online bank transfers (e.g., FPX)",Frequently,"Yes, but informally (e.g., self-taught)",5,5,5,5,5,5,1,1,2,2,3,3,5,4,5,5,4,4,5,3,"Initial setup and integration costs, Limited technical knowledge or digital literacy among staff",5,5,5,5,5,5,5,"Yes, definitely",
12/21/2024 19:14:32,Small (6-50 employees),Fashion & Accessories,3-5 years,"Suburban area (e.g., Petaling Jaya, Kuala Nerus, etc.)",Yes,"E-wallets (e.g., Boost, GrabPay, ShopeePay, Touch 'n Go, etc.), Online bank transfers (e.g., FPX)",Very Frequently,"Yes, but informally (e.g., self-taught)",5,4,5,5,4,4,1,1,1,1,4,4,5,4,5,5,4,4,4,4,"Initial setup and integration costs, Limited technical knowledge or digital literacy among staff",5,5,5,5,5,5,5,"Yes, definitely",
12/21/2024 19:16:25,Small (6-50 employees),Food & Beverage,3-5 years,"Urban area (e.g., Kuala Lumpur, Kuala Terengganu, etc.)",Yes,"E-wallets (e.g., Boost, GrabPay, ShopeePay, Touch 'n Go, etc.), Online bank transfers (e.g., FPX), Credit/Debit cards",Frequently,"Yes, but informally (e.g., self-taught)",5,5,5,5,5,5,2,2,2,2,4,4,5,5,5,5,5,5,5,5,Initial setup and integration costs,5,5,5,5,5,5,5,"Yes, definitely",
12/21/2024 19:27:45,Small (6-50 employees),Retail,More than 5 years,"Suburban area (e.g., Petaling Jaya, Kuala Nerus, etc.)",Yes,"E-wallets (e.g., Boost, GrabPay, ShopeePay, Touch 'n Go, etc.), Online bank transfers (e.g., FPX), Credit/Debit cards",Frequently,"Yes, but informally (e.g., self-taught)",5,5,5,5,5,5,3,3,4,4,4,4,4,4,4,4,5,5,5,5,"Initial setup and integration costs, Limited technical knowledge or digital literacy among staff",5,5,5,5,5,5,5,"Yes, definitely",
12/21/2024 19:33:08,Micro (1-5 employees),Retail,1-3 years,"Rural area (e.g., Kamunting, Marang, etc.)",Yes,"E-wallets (e.g., Boost, GrabPay, ShopeePay, Touch 'n Go, etc.), Online bank transfers (e.g., FPX), Credit/Debit cards",Frequently,"Yes, but informally (e.g., self-taught)",5,5,5,5,5,5,3,3,3,4,4,4,4,4,5,5,5,5,5,5,Initial setup and integration costs,5,5,5,5,5,5,5,"Yes, definitely",
12/21/2024 19:39:36,Micro (1-5 employees),Retail,1-3 years,"Suburban area (e.g., Petaling Jaya, Kuala Nerus, etc.)",Yes,"E-wallets (e.g., Boost, GrabPay, ShopeePay, Touch 'n Go, etc.), Online bank transfers (e.g., FPX)",Frequently,"Yes, but informally (e.g., self-taught)",5,5,5,5,5,5,3,3,3,3,4,4,4,4,5,5,5,5,5,5,Initial setup and integration costs,5,5,5,5,5,5,5,"Yes, definitely",
12/21/2024 19:42:56,Small (6-50 employees),Food & Beverage,More than 5 years,"Urban area (e.g., Kuala Lumpur, Kuala Terengganu, etc.)",Yes,"E-wallets (e.g., Boost, GrabPay, ShopeePay, Touch 'n Go, etc.), Online bank transfers (e.g., FPX), Credit/Debit cards",Very Frequently,"Yes, but informally (e.g., self-taught)",5,5,5,5,5,5,2,2,2,2,4,4,4,4,5,5,3,3,4,4,"Limited technical knowledge or digital literacy among staff, Unreliable internet connectivity",5,5,5,5,5,5,5,"Yes, definitely",
12/21/2024 19:44:44,Micro (1-5 employees),Fashion & Accessories,1-3 years,"Suburban area (e.g., Petaling Jaya, Kuala Nerus, etc.)",Yes,"E-wallets (e.g., Boost, GrabPay, ShopeePay, Touch 'n Go, etc.), Online bank transfers (e.g., FPX)",Frequently,"Yes, but informally (e.g., self-taught)",5,5,5,5,5,5,1,1,1,5,4,4,5,5,5,5,5,5,5,5,Limited technical knowledge or digital literacy among staff,5,5,5,5,5,5,5,"Yes, definitely",
12/21/2024 19:48:18,Small (6-50 employees),Food & Beverage,1-3 years,"Suburban area (e.g., Petaling Jaya, Kuala Nerus, etc.)",Yes,"E-wallets (e.g., Boost, GrabPay, ShopeePay, Touch 'n Go, etc.), Online bank transfers (e.g., FPX)",Frequently,"Yes, but informally (e.g., self-taught)",5,4,5,5,4,5,2,2,2,2,3,3,3,3,4,4,4,4,4,4,"Initial setup and integration costs, Limited technical knowledge or digital literacy among staff, Unreliable internet connectivity",5,5,5,5,5,5,5,"Yes, definitely",
12/21/2024 19:53:13,Micro (1-5 employees),Fashion & Accessories,Less than 1 year,"Suburban area (e.g., Petaling Jaya, Kuala Nerus, etc.)",Yes,"E-wallets (e.g., Boost, GrabPay, ShopeePay, Touch 'n Go, etc.), Online bank transfers (e.g., FPX)",Frequently,"Yes, but informally (e.g., self-taught)",5,5,5,5,5,5,2,2,2,2,3,3,3,4,5,5,5,5,5,5,"Initial setup and integration costs, Limited technical knowledge or digital literacy among staff",5,5,5,5,5,5,5,"Yes, definitely",
12/21/2024 19:54:24,Micro (1-5 employees),Food & Beverage,3-5 years,"Suburban area (e.g., Petaling Jaya, Kuala Nerus, etc.)",Yes,"E-wallets (e.g., Boost, GrabPay, ShopeePay, Touch 'n Go, etc.), Online bank transfers (e.g., FPX)",Very Frequently,"Yes, but informally (e.g., self-taught)",5,5,5,5,5,5,1,1,1,1,5,4,5,5,5,5,5,5,5,5,Initial setup and integration costs,5,5,5,5,5,5,5,"Yes, definitely",
12/21/2024 19:58:10,Micro (1-5 employees),Food & Beverage,1-3 years,"Suburban area (e.g., Petaling Jaya, Kuala Nerus, etc.)",Yes,"E-wallets (e.g., Boost, GrabPay, ShopeePay, Touch 'n Go, etc.), Online bank transfers (e.g., FPX)",Frequently,"Yes, but informally (e.g., self-taught)",5,5,5,5,5,5,2,2,2,2,4,4,5,5,5,5,5,5,5,5,Initial setup and integration costs,5,5,5,5,5,5,5,"Yes, definitely",
12/21/2024 21:05:16,Micro (1-5 employees),Retail,1-3 years,"Suburban area (e.g., Petaling Jaya, Kuala Nerus, etc.)",Yes,"E-wallets (e.g., Boost, GrabPay, ShopeePay, Touch 'n Go, etc.), Online bank transfers (e.g., FPX)",Frequently,"Yes, but informally (e.g., self-taught)",5,5,5,5,5,5,2,2,2,2,3,3,4,4,4,5,4,4,5,4,Initial setup and integration costs,5,5,5,5,5,5,5,"Yes, definitely",
12/21/2024 21:08:25,Micro (1-5 employees),Retail,Less than 1 year,"Urban area (e.g., Kuala Lumpur, Kuala Terengganu, etc.)",Yes,"E-wallets (e.g., Boost, GrabPay, ShopeePay, Touch 'n Go, etc.), Online bank transfers (e.g., FPX)",Frequently,"Yes, but informally (e.g., self-taught)",5,5,5,5,5,5,3,3,3,3,4,4,5,5,5,5,5,5,5,5,Initial setup and integration costs,5,5,5,5,5,5,5,"Yes, definitely",
12/21/2024 21:10:13,Micro (1-5 employees),Retail,Less than 1 year,"Urban area (e.g., Kuala Lumpur, Kuala Terengganu, etc.)",Yes,"E-wallets (e.g., Boost, GrabPay, ShopeePay, Touch 'n Go, etc.), Online bank transfers (e.g., FPX), Credit/Debit cards",Very Frequently,"Yes, but informally (e.g., self-taught)",5,5,5,5,4,5,2,2,4,4,4,4,5,5,5,5,4,4,5,5,"Initial setup and integration costs, Limited technical knowledge or digital literacy among staff",5,5,5,5,5,5,5,"Yes, definitely",
12/21/2024 21:12:37,Small (6-50 employees),Fashion & Accessories,1-3 years,"Urban area (e.g., Kuala Lumpur, Kuala Terengganu, etc.)",Yes,"E-wallets (e.g., Boost, GrabPay, ShopeePay, Touch 'n Go, etc.), Online bank transfers (e.g., FPX), Credit/Debit cards",Frequently,"Yes, but informally (e.g., self-taught)",5,5,5,5,5,5,3,3,3,3,3,5,5,5,5,5,4,4,5,5,Initial setup and integration costs,5,5,5,5,5,5,5,"Yes, definitely",
12/21/2024 21:14:12,Medium (51-200 employees),Retail,More than 5 years,"Urban area (e.g., Kuala Lumpur, Kuala Terengganu, etc.)",Yes,"E-wallets (e.g., Boost, GrabPay, ShopeePay, Touch 'n Go, etc.), Online bank transfers (e.g., FPX), Credit/Debit cards",Very Frequently,"Yes, formal training was provided",5,3,5,5,5,5,2,2,5,5,5,5,5,5,5,5,4,5,5,5,Initial setup and integration costs,5,5,5,5,5,5,5,"Yes, definitely",
12/21/2024 21:17:33,Small (6-50 employees),Food & Beverage,1-3 years,"Urban area (e.g., Kuala Lumpur, Kuala Terengganu, etc.)",Yes,"E-wallets (e.g., Boost, GrabPay, ShopeePay, Touch 'n Go, etc.), Online bank transfers (e.g., FPX)",Very Frequently,"Yes, but informally (e.g., self-taught)",5,5,5,5,5,5,1,1,1,1,3,3,4,4,5,5,5,5,5,5,Initial setup and integration costs,5,5,5,5,5,5,5,"Yes, definitely",
12/21/2024 21:26:45,Micro (1-5 employees),Retail,Less than 1 year,"Suburban area (e.g., Petaling Jaya, Kuala Nerus, etc.)",Yes,"E-wallets (e.g., Boost, GrabPay, ShopeePay, Touch 'n Go, etc.), Online bank transfers (e.g., FPX)",Frequently,"Yes, but informally (e.g., self-taught)",5,5,5,5,5,5,3,3,3,3,4,4,4,5,5,5,5,5,5,5,Initial setup and integration costs,5,5,5,5,5,5,5,"Yes, definitely",
12/21/2024 21:28:39,Small (6-50 employees),Food & Beverage,1-3 years,"Suburban area (e.g., Petaling Jaya, Kuala Nerus, etc.)",Yes,"E-wallets (e.g., Boost, GrabPay, ShopeePay, Touch 'n Go, etc.), Online bank transfers (e.g., FPX), Credit/Debit cards",Very Frequently,"Yes, but informally (e.g., self-taught)",5,5,5,5,5,5,2,2,2,2,5,3,5,5,5,5,5,5,5,5,Initial setup and integration costs,5,5,5,4,5,5,5,"Yes, definitely",
12/21/2024 21:34:29,Small (6-50 employees),Food & Beverage,3-5 years,"Rural area (e.g., Kamunting, Marang, etc.)",Yes,"E-wallets (e.g., Boost, GrabPay, ShopeePay, Touch 'n Go, etc.), Online bank transfers (e.g., FPX), Credit/Debit cards",Very Frequently,"Yes, but informally (e.g., self-taught)",5,3,5,5,5,5,2,2,2,2,3,3,4,3,4,4,5,5,5,5,"Initial setup and integration costs, Limited technical knowledge or digital literacy among staff",5,5,5,5,5,5,5,"Yes, definitely",
12/21/2024 21:36:11,Micro (1-5 employees),Retail,1-3 years,"Suburban area (e.g., Petaling Jaya, Kuala Nerus, etc.)",Yes,"Online bank transfers (e.g., FPX)",Frequently,No training provided,5,2,5,5,5,5,1,1,2,1,3,2,3,3,3,3,5,5,5,5,"Initial setup and integration costs, Limited technical knowledge or digital literacy among staff, Unreliable internet connectivity",5,5,5,5,5,5,5,"Yes, definitely",
12/21/2024 21:39:39,Small (6-50 employees),Retail,Less than 1 year,"Urban area (e.g., Kuala Lumpur, Kuala Terengganu, etc.)",Yes,"Online bank transfers (e.g., FPX)",Frequently,"Yes, but informally (e.g., self-taught)",5,5,5,5,5,5,2,2,2,2,5,3,5,5,5,5,4,4,4,4,"Initial setup and integration costs, Limited technical knowledge or digital literacy among staff, Unreliable internet connectivity",5,5,5,5,5,5,5,"Yes, definitely",
12/21/2024 21:43:47,Small (6-50 employees),Food & Beverage,More than 5 years,"Urban area (e.g., Kuala Lumpur, Kuala Terengganu, etc.)",Yes,"E-wallets (e.g., Boost, GrabPay, ShopeePay, Touch 'n Go, etc.), Credit/Debit cards",Frequently,"Yes, but informally (e.g., self-taught)",5,3,5,5,5,5,1,1,1,1,3,2,5,4,5,5,5,5,5,5,"Lack of customer demand for digital payments, Initial setup and integration costs, Limited technical knowledge or digital literacy among staff, Difficulty in maintaining records or accounting with digital payments",5,5,5,5,5,5,5,"Yes, definitely",
12/21/2024 21:46:36,Micro (1-5 employees),Services,1-3 years,"Suburban area (e.g., Petaling Jaya, Kuala Nerus, etc.)",Yes,"E-wallets (e.g., Boost, GrabPay, ShopeePay, Touch 'n Go, etc.), Online bank transfers (e.g., FPX), Credit/Debit cards",Very Frequently,"Yes, but informally (e.g., self-taught)",5,5,5,5,5,5,1,1,1,1,4,4,4,3,3,3,5,5,5,5,Lack of customer demand for digital payments,5,5,5,5,5,5,5,"Yes, definitely",
12/21/2024 21:49:51,Micro (1-5 employees),Food & Beverage,Less than 1 year,"Suburban area (e.g., Petaling Jaya, Kuala Nerus, etc.)",Yes,"E-wallets (e.g., Boost, GrabPay, ShopeePay, Touch 'n Go, etc.), Online bank transfers (e.g., FPX)",Frequently,No training provided,5,5,5,5,5,5,3,3,3,3,4,4,5,5,5,5,5,5,5,5,Initial setup and integration costs,5,5,5,5,5,5,5,"Yes, definitely",
12/21/2024 21:52:41,Small (6-50 employees),Food & Beverage,3-5 years,"Urban area (e.g., Kuala Lumpur, Kuala Terengganu, etc.)",Yes,"E-wallets (e.g., Boost, GrabPay, ShopeePay, Touch 'n Go, etc.), Online bank transfers (e.g., FPX), Credit/Debit cards",Frequently,"Yes, but informally (e.g., self-taught)",5,4,5,5,5,5,2,2,2,2,2,3,3,3,3,3,4,4,5,5,"Initial setup and integration costs, Limited technical knowledge or digital literacy among staff",5,5,5,5,5,5,5,"Yes, definitely",
12/21/2024 21:57:09,Micro (1-5 employees),Fashion & Accessories,Less than 1 year,"Rural area (e.g., Kamunting, Marang, etc.)",Yes,"Online bank transfers (e.g., FPX)",Sometimes,No training provided,4,4,4,4,3,4,1,1,1,1,1,1,3,3,3,3,3,4,4,4,"Initial setup and integration costs, Limited technical knowledge or digital literacy among staff, Regulatory requirements or compliance issues",5,5,5,5,5,5,5,"Yes, definitely",
12/21/2024 22:06:43,Micro (1-5 employees),Retail,More than 5 years,"Rural area (e.g., Kamunting, Marang, etc.)",Yes,"E-wallets (e.g., Boost, GrabPay, ShopeePay, Touch 'n Go, etc.), Online bank transfers (e.g., FPX)",Very Frequently,No training provided,5,3,5,5,4,5,3,3,3,3,3,3,5,5,5,5,4,4,5,5,"Initial setup and integration costs, Limited technical knowledge or digital literacy among staff",5,5,5,5,5,5,5,"Yes, definitely",
12/21/2024 22:08:19,Small (6-50 employees),Retail,1-3 years,"Urban area (e.g., Kuala Lumpur, Kuala Terengganu, etc.)",Yes,"E-wallets (e.g., Boost, GrabPay, ShopeePay, Touch 'n Go, etc.), Online bank transfers (e.g., FPX)",Frequently,No training provided,5,5,5,5,5,5,2,2,2,2,2,3,3,3,3,3,4,4,4,4,"Initial setup and integration costs, Limited technical knowledge or digital literacy among staff",5,5,5,5,5,5,5,"Yes, definitely",
12/21/2024 22:10:29,Small (6-50 employees),Food & Beverage,3-5 years,"Suburban area (e.g., Petaling Jaya, Kuala Nerus, etc.)",Yes,"E-wallets (e.g., Boost, GrabPay, ShopeePay, Touch 'n Go, etc.), Online bank transfers (e.g., FPX), Credit/Debit cards",Frequently,"Yes, but informally (e.g., self-taught)",5,5,5,5,5,5,1,1,1,1,2,2,5,3,4,4,3,4,4,5,Initial setup and integration costs,5,5,5,5,5,5,5,"Yes, definitely",
12/21/2024 22:13:45,Micro (1-5 employees),Food & Beverage,3-5 years,"Rural area (e.g., Kamunting, Marang, etc.)",No,,,,1,1,1,1,1,1,1,1,1,1,1,1,1,1,3,1,1,2,1,1,"Lack of customer demand for digital payments, Initial setup and integration costs, Limited technical knowledge or digital literacy among staff, Unreliable internet connectivity, Regulatory requirements or compliance issues",5,4,5,5,5,5,5,"Yes, possibly",
12/21/2024 22:18:24,Micro (1-5 employees),Retail,1-3 years,"Urban area (e.g., Kuala Lumpur, Kuala Terengganu, etc.)",Yes,"E-wallets (e.g., Boost, GrabPay, ShopeePay, Touch 'n Go, etc.), Online bank transfers (e.g., FPX)",Frequently,No training provided,5,3,5,5,5,5,1,1,1,1,3,3,3,3,3,3,5,5,5,5,Limited technical knowledge or digital literacy among staff,5,5,5,5,5,5,5,"Yes, definitely",
12/21/2024 22:22:04,Small (6-50 employees),Services,3-5 years,"Suburban area (e.g., Petaling Jaya, Kuala Nerus, etc.)",Yes,"E-wallets (e.g., Boost, GrabPay, ShopeePay, Touch 'n Go, etc.), Online bank transfers (e.g., FPX)",Frequently,No training provided,5,5,4,5,5,4,2,2,3,3,3,3,4,3,5,5,4,4,5,4,"Initial setup and integration costs, Limited technical knowledge or digital literacy among staff, Unreliable internet connectivity",5,5,5,5,5,5,5,"Yes, definitely",
12/21/2024 22:24:13,Micro (1-5 employees),Food & Beverage,Less than 1 year,"Rural area (e.g., Kamunting, Marang, etc.)",No,,,,1,1,1,1,1,1,1,1,1,1,1,1,1,1,1,1,1,1,1,1,"Lack of customer demand for digital payments, Initial setup and integration costs, Limited technical knowledge or digital literacy among staff, Unreliable internet connectivity, Regulatory requirements or compliance issues",5,5,5,5,5,5,5,"Yes, possibly",
12/21/2024 22:25:29,Micro (1-5 employees),Retail,More than 5 years,"Rural area (e.g., Kamunting, Marang, etc.)",No,,,,1,1,1,1,1,1,1,1,1,1,1,1,1,1,1,1,1,1,1,1,"High transaction fees, Lack of customer demand for digital payments, Initial setup and integration costs, Limited technical knowledge or digital literacy among staff, Unreliable internet connectivity, Regulatory requirements or compliance issues",3,5,5,5,5,5,5,"Yes, possibly",
12/21/2024 22:26:52,Small (6-50 employees),Food & Beverage,More than 5 years,"Urban area (e.g., Kuala Lumpur, Kuala Terengganu, etc.)",Yes,"E-wallets (e.g., Boost, GrabPay, ShopeePay, Touch 'n Go, etc.), Online bank transfers (e.g., FPX), Credit/Debit cards",Very Frequently,No training provided,5,5,5,5,5,5,1,1,4,4,4,4,5,5,5,5,5,5,5,5,Initial setup and integration costs,5,5,5,5,5,5,5,"Yes, definitely",
12/21/2024 22:27:56,Micro (1-5 employees),Food & Beverage,More than 5 years,"Rural area (e.g., Kamunting, Marang, etc.)",No,,,,1,1,1,1,1,1,1,1,1,1,1,1,1,1,1,1,1,1,1,1,"High transaction fees, Lack of customer demand for digital payments, Security and privacy concerns, Initial setup and integration costs, Limited technical knowledge or digital literacy among staff, Unreliable internet connectivity, Regulatory requirements or compliance issues",2,5,5,5,5,5,3,"Yes, possibly",
12/21/2024 22:29:03,Small (6-50 employees),Fashion & Accessories,More than 5 years,"Urban area (e.g., Kuala Lumpur, Kuala Terengganu, etc.)",Yes,"E-wallets (e.g., Boost, GrabPay, ShopeePay, Touch 'n Go, etc.), Online bank transfers (e.g., FPX), Credit/Debit cards",Very Frequently,"Yes, but informally (e.g., self-taught)",5,5,5,5,5,5,2,2,5,5,5,5,5,5,5,5,5,5,5,5,"Initial setup and integration costs, Limited technical knowledge or digital literacy among staff",5,5,5,5,5,5,5,"Yes, definitely",
12/21/2024 22:30:05,Small (6-50 employees),Retail,More than 5 years,"Urban area (e.g., Kuala Lumpur, Kuala Terengganu, etc.)",Yes,"E-wallets (e.g., Boost, GrabPay, ShopeePay, Touch 'n Go, etc.), Online bank transfers (e.g., FPX), Credit/Debit cards",Very Frequently,"Yes, formal training was provided",5,2,5,5,5,5,1,1,5,5,5,5,5,5,5,5,5,5,5,5,Limited technical knowledge or digital literacy among staff,5,5,5,5,5,5,5,"Yes, definitely",
12/21/2024 22:30:56,Micro (1-5 employees),Food & Beverage,More than 5 years,"Suburban area (e.g., Petaling Jaya, Kuala Nerus, etc.)",No,,,,1,1,1,1,1,1,1,1,1,1,1,1,1,1,1,1,1,1,1,1,"High transaction fees, Lack of customer demand for digital payments, Security and privacy concerns, Initial setup and integration costs, Limited technical knowledge or digital literacy among staff, Unreliable internet connectivity, Regulatory requirements or compliance issues",5,5,5,5,5,5,5,"Yes, possibly",
12/21/2024 22:33:31,Small (6-50 employees),Food & Beverage,3-5 years,"Suburban area (e.g., Petaling Jaya, Kuala Nerus, etc.)",Yes,"E-wallets (e.g., Boost, GrabPay, ShopeePay, Touch 'n Go, etc.), Online bank transfers (e.g., FPX)",Very Frequently,No training provided,5,5,5,5,5,5,1,1,5,5,5,5,5,5,5,4,5,5,5,5,Initial setup and integration costs,5,5,5,5,5,5,5,"Yes, definitely",
12/22/2024 22:50:17,Micro (1-5 employees),Food & Beverage,More than 5 years,"Rural area (e.g., Kamunting, Marang, etc.)",No,,,,4,2,4,3,3,3,5,5,2,2,3,2,3,4,4,3,4,2,2,2,"Lack of customer demand for digital payments, Security and privacy concerns, Initial setup and integration costs, Limited technical knowledge or digital literacy among staff, Unreliable internet connectivity, Regulatory requirements or compliance issues, Difficulty in maintaining records or accounting with digital payments",4,4,4,4,4,4,4,"Yes, possibly",
12/22/2024 22:52:12,Medium (51-200 employees),Fashion & Accessories,More than 5 years,"Suburban area (e.g., Petaling Jaya, Kuala Nerus, etc.)",Yes,"E-wallets (e.g., Boost, GrabPay, ShopeePay, Touch 'n Go, etc.), Online bank transfers (e.g., FPX), Credit/Debit cards",Frequently,"Yes, but informally (e.g., self-taught)",5,5,5,5,5,5,1,1,5,5,5,5,5,5,5,5,5,5,5,5,"Security and privacy concerns, Regulatory requirements or compliance issues",5,5,5,5,5,5,5,"Yes, definitely",
12/23/2024 10:46:42,Micro (1-5 employees),Retail,Less than 1 year,"Urban area (e.g., Kuala Lumpur, Kuala Terengganu, etc.)",Yes,"E-wallets (e.g., Boost, GrabPay, ShopeePay, Touch 'n Go, etc.)",Very Frequently,"Yes, formal training was provided",2,3,3,4,4,4,5,5,5,4,4,3,3,4,4,4,4,4,3,3,"Security and privacy concerns, Initial setup and integration costs, Unreliable internet connectivity, Difficulty in maintaining records or accounting with digital payments",4,5,5,5,5,5,5,"Yes, possibly",
12/23/2024 10:51:46,Micro (1-5 employees),Food & Beverage,Less than 1 year,"Rural area (e.g., Kamunting, Marang, etc.)",Yes,"E-wallets (e.g., Boost, GrabPay, ShopeePay, Touch 'n Go, etc.), Online bank transfers (e.g., FPX)",Frequently,"Yes, but informally (e.g., self-taught)",2,3,3,4,3,3,4,5,5,5,2,2,3,5,3,3,3,4,3,2,"Security and privacy concerns, Initial setup and integration costs, Limited technical knowledge or digital literacy among staff, Unreliable internet connectivity, Regulatory requirements or compliance issues",4,5,5,4,5,5,4,"Yes, possibly",
12/23/2024 11:06:58,Micro (1-5 employees),Services,Less than 1 year,"Suburban area (e.g., Petaling Jaya, Kuala Nerus, etc.)",Yes,"E-wallets (e.g., Boost, GrabPay, ShopeePay, Touch 'n Go, etc.), Online bank transfers (e.g., FPX)",Frequently,"Yes, but informally (e.g., self-taught)",4,3,4,4,3,4,5,5,5,5,3,3,4,3,3,4,4,5,3,3,"High transaction fees, Security and privacy concerns, Initial setup and integration costs, Limited technical knowledge or digital literacy among staff, Unreliable internet connectivity",4,5,5,4,4,4,4,"Yes, definitely",
12/23/2024 11:12:43,Micro (1-5 employees),Food & Beverage,Less than 1 year,"Suburban area (e.g., Petaling Jaya, Kuala Nerus, etc.)",Yes,"E-wallets (e.g., Boost, GrabPay, ShopeePay, Touch 'n Go, etc.)",Very Frequently,"Yes, but informally (e.g., self-taught)",5,5,5,5,5,5,5,5,5,5,4,4,5,1,5,5,4,4,3,4,Unreliable internet connectivity,4,4,4,4,4,4,4,"Yes, definitely",
12/23/2024 11:13:19,Micro (1-5 employees),Fashion & Accessories,1-3 years,"Rural area (e.g., Kamunting, Marang, etc.)",No,,,,2,2,2,2,2,1,5,5,2,5,1,2,2,2,3,2,2,3,3,3,"High transaction fees, Security and privacy concerns, Unreliable internet connectivity",4,5,5,4,5,5,5,"Yes, possibly",
12/23/2024 11:25:26,Small (6-50 employees),Manufacturing,1-3 years,"Rural area (e.g., Kamunting, Marang, etc.)",Yes,"Online bank transfers (e.g., FPX)",Sometimes,"Yes, but informally (e.g., self-taught)",3,3,3,3,3,3,4,4,4,3,3,3,3,3,3,3,4,4,3,3,"Security and privacy concerns, Initial setup and integration costs, Limited technical knowledge or digital literacy among staff, Unreliable internet connectivity, Regulatory requirements or compliance issues, Difficulty in maintaining records or accounting with digital payments",4,4,4,4,4,5,5,"Yes, possibly",
12/23/2024 11:28:24,Micro (1-5 employees),Food & Beverage,Less than 1 year,"Urban area (e.g., Kuala Lumpur, Kuala Terengganu, etc.)",Yes,"E-wallets (e.g., Boost, GrabPay, ShopeePay, Touch 'n Go, etc.)",Very Frequently,"Yes, but informally (e.g., self-taught)",5,5,5,5,5,5,5,5,5,5,5,5,5,5,5,5,4,5,4,5,"Lack of customer demand for digital payments, Security and privacy concerns, Initial setup and integration costs, Unreliable internet connectivity",4,4,4,4,4,4,4,"Yes, possibly",
12/23/2024 14:42:48,Small (6-50 employees),Retail,1-3 years,"Suburban area (e.g., Petaling Jaya, Kuala Nerus, etc.)",Yes,"E-wallets (e.g., Boost, GrabPay, ShopeePay, Touch 'n Go, etc.), Online bank transfers (e.g., FPX), Credit/Debit cards",Frequently,"Yes, formal training was provided",5,5,5,5,5,5,5,5,5,5,5,5,5,5,5,5,4,4,5,4,"High transaction fees, Security and privacy concerns, Unreliable internet connectivity",4,5,5,5,4,4,4,"Yes, definitely",
12/23/2024 14:44:01,Medium (51-200 employees),Retail,3-5 years,"Suburban area (e.g., Petaling Jaya, Kuala Nerus, etc.)",Yes,"Online bank transfers (e.g., FPX), Credit/Debit cards",Frequently,"Yes, formal training was provided",5,5,5,5,5,5,5,5,5,5,5,5,5,5,5,5,5,5,5,5,"High transaction fees, Security and privacy concerns, Limited technical knowledge or digital literacy among staff, Difficulty in maintaining records or accounting with digital payments",4,5,5,4,5,5,5,"Yes, definitely",
12/23/2024 14:45:26,Micro (1-5 employees),Food & Beverage,3-5 years,"Suburban area (e.g., Petaling Jaya, Kuala Nerus, etc.)",Yes,"E-wallets (e.g., Boost, GrabPay, ShopeePay, Touch 'n Go, etc.), Online bank transfers (e.g., FPX)",Frequently,"Yes, but informally (e.g., self-taught)",5,5,5,5,5,5,5,4,4,5,5,3,4,5,4,5,4,5,5,5,"High transaction fees, Security and privacy concerns, Limited technical knowledge or digital literacy among staff, Difficulty in maintaining records or accounting with digital payments",5,5,5,5,5,5,5,"Yes, definitely",
12/23/2024 14:52:34,Micro (1-5 employees),Retail,1-3 years,"Suburban area (e.g., Petaling Jaya, Kuala Nerus, etc.)",Yes,"Online bank transfers (e.g., FPX)",Frequently,"Yes, but informally (e.g., self-taught)",5,4,4,5,4,5,4,5,5,4,4,4,5,4,4,4,5,5,5,5,"High transaction fees, Security and privacy concerns, Unreliable internet connectivity, Difficulty in maintaining records or accounting with digital payments",5,4,5,4,4,5,5,"Yes, possibly",
12/23/2024 14:56:06,Medium (51-200 employees),Retail,1-3 years,"Urban area (e.g., Kuala Lumpur, Kuala Terengganu, etc.)",Yes,"E-wallets (e.g., Boost, GrabPay, ShopeePay, Touch 'n Go, etc.)",Very Frequently,"Yes, but informally (e.g., self-taught)",5,4,4,5,4,5,4,4,5,4,5,5,4,5,5,4,2,3,3,3,"High transaction fees, Security and privacy concerns, Initial setup and integration costs, Unreliable internet connectivity, Difficulty in maintaining records or accounting with digital payments",5,4,5,4,4,5,4,"Yes, possibly",
12/23/2024 14:58:58,Small (6-50 employees),Food & Beverage,3-5 years,"Suburban area (e.g., Petaling Jaya, Kuala Nerus, etc.)",Yes,"E-wallets (e.g., Boost, GrabPay, ShopeePay, Touch 'n Go, etc.), Online bank transfers (e.g., FPX)",Frequently,"Yes, but informally (e.g., self-taught)",5,5,5,5,5,5,5,5,4,5,5,4,5,4,5,5,5,4,5,5,"High transaction fees, Security and privacy concerns, Initial setup and integration costs, Regulatory requirements or compliance issues",5,4,5,4,5,5,5,"Yes, possibly",
12/24/2024 18:19:04,Medium (51-200 employees),Retail,1-3 years,"Urban area (e.g., Kuala Lumpur, Kuala Terengganu, etc.)",Yes,"E-wallets (e.g., Boost, GrabPay, ShopeePay, Touch 'n Go, etc.), Online bank transfers (e.g., FPX), Credit/Debit cards",Frequently,"Yes, formal training was provided",5,4,5,4,4,4,5,4,5,4,4,4,5,4,5,4,4,5,5,4,"Lack of customer demand for digital payments, Security and privacy concerns, Difficulty in maintaining records or accounting with digital payments",5,5,5,5,4,5,5,"Yes, possibly",
12/24/2024 21:06:35,Micro (1-5 employees),Food & Beverage,Less than 1 year,"Suburban area (e.g., Petaling Jaya, Kuala Nerus, etc.)",Yes,"Online bank transfers (e.g., FPX)",Frequently,"Yes, but informally (e.g., self-taught)",4,3,4,4,4,3,5,5,4,5,4,4,3,4,5,4,5,4,5,4,"High transaction fees, Initial setup and integration costs, Limited technical knowledge or digital literacy among staff, Difficulty in maintaining records or accounting with digital payments",5,4,5,5,5,5,5,"Yes, possibly",
12/24/2024 21:07:45,Medium (51-200 employees),Fashion & Accessories,3-5 years,"Rural area (e.g., Kamunting, Marang, etc.)",Yes,"E-wallets (e.g., Boost, GrabPay, ShopeePay, Touch 'n Go, etc.), Online bank transfers (e.g., FPX), Credit/Debit cards",Very Frequently,"Yes, formal training was provided",5,4,5,5,5,5,5,5,5,5,5,5,5,5,5,5,5,5,5,5,"High transaction fees, Lack of customer demand for digital payments, Security and privacy concerns, Unreliable internet connectivity, Regulatory requirements or compliance issues",5,5,5,5,5,5,4,"Yes, possibly",
12/24/2024 21:08:50,Small (6-50 employees),Food & Beverage,1-3 years,"Suburban area (e.g., Petaling Jaya, Kuala Nerus, etc.)",Yes,"E-wallets (e.g., Boost, GrabPay, ShopeePay, Touch 'n Go, etc.)",Frequently,"Yes, but informally (e.g., self-taught)",4,4,4,4,3,4,5,4,5,4,5,5,4,4,4,4,5,4,5,4,"High transaction fees, Lack of customer demand for digital payments, Security and privacy concerns, Initial setup and integration costs",5,5,5,5,5,5,5,"Yes, definitely",
12/24/2024 21:09:59,Small (6-50 employees),Fashion & Accessories,3-5 years,"Suburban area (e.g., Petaling Jaya, Kuala Nerus, etc.)",Yes,"E-wallets (e.g., Boost, GrabPay, ShopeePay, Touch 'n Go, etc.), Online bank transfers (e.g., FPX)",Sometimes,"Yes, but informally (e.g., self-taught)",5,3,5,4,4,4,5,3,5,5,4,3,4,3,5,3,5,4,3,4,"High transaction fees, Security and privacy concerns, Unreliable internet connectivity, Difficulty in maintaining records or accounting with digital payments",5,4,5,4,4,5,4,"Yes, possibly",
12/24/2024 21:11:02,Small (6-50 employees),Food & Beverage,1-3 years,"Suburban area (e.g., Petaling Jaya, Kuala Nerus, etc.)",Yes,"E-wallets (e.g., Boost, GrabPay, ShopeePay, Touch 'n Go, etc.)",Very Frequently,"Yes, but informally (e.g., self-taught)",5,4,5,4,5,4,5,5,3,3,5,3,5,3,5,3,5,4,5,4,"Lack of customer demand for digital payments, Initial setup and integration costs, Regulatory requirements or compliance issues",5,4,5,4,3,4,4,"Yes, possibly",
12/24/2024 21:19:17,Small (6-50 employees),Services,More than 5 years,"Urban area (e.g., Kuala Lumpur, Kuala Terengganu, etc.)",Yes,"E-wallets (e.g., Boost, GrabPay, ShopeePay, Touch 'n Go, etc.), Online bank transfers (e.g., FPX)",Frequently,"Yes, formal training was provided",5,3,4,5,4,5,4,5,3,4,3,5,5,4,5,4,5,4,5,4,"Lack of customer demand for digital payments, Limited technical knowledge or digital literacy among staff, Regulatory requirements or compliance issues",5,4,3,4,4,5,4,"Yes, definitely",
12/24/2024 21:25:49,Micro (1-5 employees),Manufacturing,Less than 1 year,"Suburban area (e.g., Petaling Jaya, Kuala Nerus, etc.)",Yes,"E-wallets (e.g., Boost, GrabPay, ShopeePay, Touch 'n Go, etc.), Online bank transfers (e.g., FPX), Credit/Debit cards",Very Frequently,"Yes, but informally (e.g., self-taught)",5,4,5,4,5,4,4,5,3,5,3,5,5,3,5,3,5,4,4,5,"High transaction fees, Limited technical knowledge or digital literacy among staff, Unreliable internet connectivity, Regulatory requirements or compliance issues",5,4,5,5,4,4,5,"Yes, definitely",
12/24/2024 21:30:09,Small (6-50 employees),Manufacturing,1-3 years,"Urban area (e.g., Kuala Lumpur, Kuala Terengganu, etc.)",Yes,"E-wallets (e.g., Boost, GrabPay, ShopeePay, Touch 'n Go, etc.)",Frequently,"Yes, but informally (e.g., self-taught)",5,4,5,5,4,4,4,4,5,5,4,5,5,4,5,4,5,4,4,5,"High transaction fees, Security and privacy concerns, Unreliable internet connectivity, Regulatory requirements or compliance issues",5,4,3,5,4,5,4,"Yes, possibly",
12/24/2024 21:31:12,Medium (51-200 employees),Fashion & Accessories,3-5 years,"Urban area (e.g., Kuala Lumpur, Kuala Terengganu, etc.)",Yes,"E-wallets (e.g., Boost, GrabPay, ShopeePay, Touch 'n Go, etc.), Credit/Debit cards",Very Frequently,"Yes, formal training was provided",5,4,5,5,4,5,4,5,5,4,4,5,5,4,5,4,5,5,4,5,"Lack of customer demand for digital payments, Limited technical knowledge or digital literacy among staff, Difficulty in maintaining records or accounting with digital payments",5,4,5,5,5,4,5,"Yes, possibly",
12/24/2024 21:32:36,Micro (1-5 employees),Food & Beverage,1-3 years,"Urban area (e.g., Kuala Lumpur, Kuala Terengganu, etc.)",Yes,"E-wallets (e.g., Boost, GrabPay, ShopeePay, Touch 'n Go, etc.)",Very Frequently,"Yes, but informally (e.g., self-taught)",5,4,5,4,5,4,5,4,5,4,5,5,5,5,5,4,5,4,4,5,"Lack of customer demand for digital payments, Limited technical knowledge or digital literacy among staff, Unreliable internet connectivity, Regulatory requirements or compliance issues",5,4,4,5,4,4,5,"Yes, possibly",
12/24/2024 21:33:54,Small (6-50 employees),Services,3-5 years,"Suburban area (e.g., Petaling Jaya, Kuala Nerus, etc.)",Yes,"E-wallets (e.g., Boost, GrabPay, ShopeePay, Touch 'n Go, etc.), Online bank transfers (e.g., FPX)",Frequently,"Yes, but informally (e.g., self-taught)",5,3,4,5,4,4,5,3,4,3,5,5,3,5,4,4,5,4,4,5,"Lack of customer demand for digital payments, Initial setup and integration costs, Limited technical knowledge or digital literacy among staff, Difficulty in maintaining records or accounting with digital payments",5,4,5,5,5,4,4,"Yes, possibly",
12/25/2024 2:07:27,Small (6-50 employees),Services,3-5 years,"Suburban area (e.g., Petaling Jaya, Kuala Nerus, etc.)",Yes,"E-wallets (e.g., Boost, GrabPay, ShopeePay, Touch 'n Go, etc.), Online bank transfers (e.g., FPX)",Frequently,"Yes, but informally (e.g., self-taught)",5,4,5,4,4,5,4,4,5,4,4,5,5,5,5,4,4,5,4,5,"High transaction fees, Security and privacy concerns, Limited technical knowledge or digital literacy among staff, Regulatory requirements or compliance issues",5,4,5,4,4,5,4,"Yes, possibly",
12/25/2024 23:45:29,Small (6-50 employees),Retail,1-3 years,"Urban area (e.g., Kuala Lumpur, Kuala Terengganu, etc.)",Yes,"E-wallets (e.g., Boost, GrabPay, ShopeePay, Touch 'n Go, etc.), Online bank transfers (e.g., FPX)",Frequently,"Yes, but informally (e.g., self-taught)",5,2,4,5,3,5,2,2,3,3,4,4,5,3,5,5,4,4,4,4,"Initial setup and integration costs, Limited technical knowledge or digital literacy among staff",5,5,5,5,5,5,5,"Yes, definitely",
12/25/2024 23:46:32,Small (6-50 employees),Food & Beverage,3-5 years,"Rural area (e.g., Kamunting, Marang, etc.)",Yes,"E-wallets (e.g., Boost, GrabPay, ShopeePay, Touch 'n Go, etc.), Online bank transfers (e.g., FPX), Credit/Debit cards",Frequently,No training provided,5,4,4,4,4,5,3,3,3,3,4,4,4,4,4,4,5,5,5,5,Initial setup and integration costs,5,5,5,5,5,5,5,"Yes, definitely",
12/25/2024 23:47:36,Micro (1-5 employees),Fashion & Accessories,Less than 1 year,"Suburban area (e.g., Petaling Jaya, Kuala Nerus, etc.)",Yes,"E-wallets (e.g., Boost, GrabPay, ShopeePay, Touch 'n Go, etc.), Online bank transfers (e.g., FPX)",Frequently,No training provided,5,4,5,5,5,5,1,1,1,1,3,3,4,4,5,5,5,5,5,5,Difficulty in maintaining records or accounting with digital payments,5,5,5,5,5,5,5,"Yes, definitely",
12/25/2024 23:48:32,Micro (1-5 employees),Food & Beverage,More than 5 years,"Rural area (e.g., Kamunting, Marang, etc.)",No,,,,1,1,1,1,1,1,1,1,1,1,1,1,1,1,1,1,2,2,1,2,"Limited technical knowledge or digital literacy among staff, Unreliable internet connectivity, Difficulty in maintaining records or accounting with digital payments",3,3,4,4,3,3,4,"Yes, possibly",
12/25/2024 23:50:02,Small (6-50 employees),Retail,1-3 years,"Urban area (e.g., Kuala Lumpur, Kuala Terengganu, etc.)",Yes,"E-wallets (e.g., Boost, GrabPay, ShopeePay, Touch 'n Go, etc.), Online bank transfers (e.g., FPX), Credit/Debit cards",Very Frequently,No training provided,5,4,5,5,4,5,2,2,2,2,4,4,4,4,5,5,4,4,5,4,Initial setup and integration costs,5,4,5,5,4,4,5,"Yes, definitely",
12/25/2024 23:51:06,Small (6-50 employees),Retail,1-3 years,"Urban area (e.g., Kuala Lumpur, Kuala Terengganu, etc.)",Yes,"E-wallets (e.g., Boost, GrabPay, ShopeePay, Touch 'n Go, etc.), Online bank transfers (e.g., FPX), Credit/Debit cards",Very Frequently,No training provided,5,5,4,4,4,5,1,1,1,1,5,5,4,4,4,5,4,4,5,4,Initial setup and integration costs,5,5,5,5,5,5,5,"Yes, definitely",
12/25/2024 23:52:21,Micro (1-5 employees),Fashion & Accessories,3-5 years,"Suburban area (e.g., Petaling Jaya, Kuala Nerus, etc.)",Yes,"E-wallets (e.g., Boost, GrabPay, ShopeePay, Touch 'n Go, etc.), Online bank transfers (e.g., FPX)",Frequently,No training provided,4,4,4,5,4,5,3,3,3,3,3,3,4,4,4,4,4,4,5,4,Initial setup and integration costs,4,4,5,5,3,5,4,"Yes, definitely",
12/25/2024 23:53:36,Micro (1-5 employees),Food & Beverage,Less than 1 year,"Rural area (e.g., Kamunting, Marang, etc.)",Yes,"E-wallets (e.g., Boost, GrabPay, ShopeePay, Touch 'n Go, etc.), Online bank transfers (e.g., FPX)",Frequently,No training provided,4,4,5,4,5,5,2,2,2,2,4,4,4,4,4,4,4,4,4,4,Difficulty in maintaining records or accounting with digital payments,4,4,5,5,3,4,4,"Yes, definitely",
12/25/2024 23:54:42,Micro (1-5 employees),Food & Beverage,Less than 1 year,"Urban area (e.g., Kuala Lumpur, Kuala Terengganu, etc.)",Yes,"E-wallets (e.g., Boost, GrabPay, ShopeePay, Touch 'n Go, etc.), Online bank transfers (e.g., FPX)",Frequently,No training provided,5,5,5,5,5,5,2,2,2,2,4,4,4,4,4,4,2,2,5,4,Initial setup and integration costs,5,5,5,5,2,2,4,"Yes, definitely",
12/25/2024 23:55:51,Small (6-50 employees),Fashion & Accessories,3-5 years,"Urban area (e.g., Kuala Lumpur, Kuala Terengganu, etc.)",Yes,"E-wallets (e.g., Boost, GrabPay, ShopeePay, Touch 'n Go, etc.), Online bank transfers (e.g., FPX), Credit/Debit cards",Sometimes,"Yes, but informally (e.g., self-taught)",5,4,4,4,3,3,2,2,2,2,2,3,4,4,4,4,4,4,2,3,Unreliable internet connectivity,4,4,5,5,2,2,5,"Yes, possibly",
12/25/2024 23:56:49,Micro (1-5 employees),Retail,More than 5 years,"Rural area (e.g., Kamunting, Marang, etc.)",No,,,,1,1,1,1,1,1,1,1,1,1,1,1,1,1,1,1,1,1,1,1,"Limited technical knowledge or digital literacy among staff, Unreliable internet connectivity",3,3,4,4,3,4,4,"No, unlikely",
12/25/2024 23:58:19,Micro (1-5 employees),Food & Beverage,Less than 1 year,"Urban area (e.g., Kuala Lumpur, Kuala Terengganu, etc.)",Yes,"E-wallets (e.g., Boost, GrabPay, ShopeePay, Touch 'n Go, etc.), Online bank transfers (e.g., FPX)",Frequently,"Yes, but informally (e.g., self-taught)",5,5,5,4,5,5,2,2,2,2,5,5,5,4,5,5,5,5,5,5,Initial setup and integration costs,5,4,5,5,3,3,5,"Yes, definitely",
12/25/2024 23:59:22,Small (6-50 employees),Services,1-3 years,"Suburban area (e.g., Petaling Jaya, Kuala Nerus, etc.)",Yes,"E-wallets (e.g., Boost, GrabPay, ShopeePay, Touch 'n Go, etc.), Online bank transfers (e.g., FPX)",Frequently,No training provided,5,5,5,4,5,5,1,1,2,1,4,4,4,4,4,4,4,4,3,5,Unreliable internet connectivity,5,5,5,5,3,3,5,"Yes, definitely",
12/26/2024 0:00:15,Micro (1-5 employees),Fashion & Accessories,1-3 years,"Urban area (e.g., Kuala Lumpur, Kuala Terengganu, etc.)",Yes,"E-wallets (e.g., Boost, GrabPay, ShopeePay, Touch 'n Go, etc.), Online bank transfers (e.g., FPX), Credit/Debit cards",Very Frequently,No training provided,4,4,4,4,4,4,2,2,2,2,3,3,3,4,4,4,4,4,5,4,Initial setup and integration costs,5,5,5,5,2,2,5,"Yes, definitely",
12/26/2024 0:01:11,Micro (1-5 employees),Retail,Less than 1 year,"Urban area (e.g., Kuala Lumpur, Kuala Terengganu, etc.)",No,,,,1,1,1,1,1,1,1,1,1,1,1,1,1,1,1,1,1,1,1,1,"Initial setup and integration costs, Limited technical knowledge or digital literacy among staff, Unreliable internet connectivity",3,3,4,4,1,1,1,"No, unlikely",
12/26/2024 0:02:06,Micro (1-5 employees),Services,1-3 years,"Rural area (e.g., Kamunting, Marang, etc.)",Yes,"E-wallets (e.g., Boost, GrabPay, ShopeePay, Touch 'n Go, etc.), Online bank transfers (e.g., FPX)",Frequently,No training provided,4,4,4,4,4,4,1,1,1,1,4,4,4,4,4,4,4,4,4,4,Initial setup and integration costs,5,5,5,5,1,1,5,"Yes, definitely",